Vehicle,RAM,storage,Trustfactor,Distance,TransmissionRate,Eligible
1,68.025,84.3375,89,17.9,40.74074074,60.00064815
2,69.15,15.99375,39,52.5,85.18518519,52.36578704
3,57.075,19.1125,85,95.5,37.03703704,58.74490741
4,96.6375,27.0,34,28.6,59.25925926,49.09935185
5,37.825,16.825,66,39.1,100.0,51.95
6,35.125,79.48125,41,22.8,81.48148148,51.9775463
7,20.9125,11.6625,84,1.9,100.0,43.695
8,44.95,62.75,96,74.1,100.0,75.56
9,77.55,96.975,47,11.0,62.96296296,59.09759259
10,50.6875,36.7375,39,9.8,11.11111111,29.46722222
11,85.775,17.6125,91,37.3,88.88888889,64.11527778
12,72.3,74.41875,93,4.7,44.44444444,57.77263889
13,88.525,64.7125,11,3.7,25.92592593,38.77268519
14,59.5875,32.59375,85,15.8,59.25925926,50.44810185
15,47.8625,94.70625,39,48.0,51.85185185,56.28412037
16,76.6125,97.63125,59,12.5,77.77777778,64.70430556
17,53.9375,47.2875,89,22.6,11.11111111,44.78722222
18,17.0125,31.7,74,87.3,96.2962963,61.26175926
19,49.6,54.89375,82,2.2,51.85185185,48.10912037
20,50.025,18.5,83,2.6,70.37037037,44.89907407
21,45.0125,26.2625,51,18.7,66.66666667,41.52833333
22,98.625,96.55,90,5.5,51.85185185,68.50537037
23,64.05,19.975,83,8.7,81.48148148,51.4412963
24,43.825,13.78125,54,10.9,85.18518519,41.53828704
25,52.5375,35.63125,19,58.5,66.66666667,46.46708333
26,76.9,7.26875,23,55.2,44.44444444,41.36263889
27,96.0875,73.2,64,77.8,55.55555556,73.32861111
28,83.9125,36.7125,41,27.4,62.96296296,50.39759259
29,43.2375,22.33125,91,73.7,14.81481481,49.01671296
30,98.9625,71.725,94,62.7,14.81481481,68.44046296
31,19.35,87.2625,89,88.7,44.44444444,65.75138889
32,32.6625,13.6125,30,67.2,77.77777778,44.25055556
33,30.0125,32.75625,17,76.4,62.96296296,43.82634259
34,67.9,18.34375,19,92.6,55.55555556,50.67986111
35,57.225,61.16875,91,12.8,33.33333333,51.10541667
36,58.375,34.75625,55,59.2,29.62962963,47.39217593
37,87.8125,44.9125,50,100.0,11.11111111,58.76722222
38,42.75,37.275,72,9.0,22.22222222,36.64944444
39,21.6875,77.85625,67,92.7,29.62962963,57.77467593
40,67.35,43.19375,11,44.7,92.59259259,51.76726852
41,22.4125,57.7125,34,7.7,100.0,44.365
42,91.025,30.88125,30,98.4,22.22222222,54.50569444
43,17.7375,40.94375,76,87.6,59.25925926,56.30810185
44,68.05,62.88125,61,75.2,51.85185185,63.79662037
45,22.4625,10.35,22,23.0,74.07407407,30.37731481
46,53.8875,14.0125,52,96.3,85.18518519,60.27703704
47,98.55,43.60625,67,6.2,29.62962963,48.99717593
48,62.725,69.75625,40,32.4,96.2962963,60.23550926
49,40.8875,39.8625,64,74.7,66.66666667,57.22333333
50,66.875,26.4625,48,6.9,37.03703704,37.05490741
51,72.25,83.43125,51,46.9,18.51851852,54.4199537
52,75.0125,90.8625,90,64.0,14.81481481,66.93796296
53,79.5625,99.46875,97,90.1,77.77777778,88.78180556
54,35.625,67.75625,38,5.9,96.2962963,48.71550926
55,58.1625,31.04375,64,35.4,37.03703704,45.12865741
56,72.1875,71.00625,88,10.8,44.44444444,57.28763889
57,98.5125,99.95,100,54.7,70.37037037,84.70657407
58,99.4625,17.44375,72,95.7,55.55555556,68.03236111
59,48.2375,44.96875,54,28.1,18.51851852,38.7649537
60,28.2625,16.08125,19,98.7,81.48148148,48.7050463
61,84.7,60.86875,50,22.7,70.37037037,57.72782407
62,70.225,58.53125,23,3.1,33.33333333,37.63791667
63,40.375,71.175,45,7.2,18.51851852,36.4537037
64,55.45,88.6875,33,23.3,44.44444444,48.97638889
65,39.2625,44.8125,39,57.8,40.74074074,44.32314815
66,71.325,8.53125,59,63.0,66.66666667,53.70458333
67,90.825,71.66875,82,81.2,77.77777778,80.69430556
68,16.8,50.80625,35,26.9,37.03703704,33.30865741
69,66.5125,63.86875,94,99.3,18.51851852,68.4399537
70,14.6,40.425,44,70.9,88.88888889,51.76277778
71,23.5,99.15,72,85.2,88.88888889,73.74777778
72,72.15,26.61875,40,97.7,59.25925926,59.14560185
73,92.025,99.46875,53,6.9,59.25925926,62.13060185
74,58.4625,55.025,53,43.8,55.55555556,53.16861111
75,96.925,34.4875,51,6.2,11.11111111,39.94472222
76,80.7125,17.0125,33,50.8,18.51851852,40.0087037
77,35.3625,11.80625,69,38.0,96.2962963,50.09300926
78,36.9625,54.48125,89,10.8,48.14814815,47.87837963
79,88.0,45.20625,98,32.5,81.48148148,69.0375463
80,70.675,73.9875,75,60.1,37.03703704,63.35990741
81,39.4875,45.4625,80,61.9,55.55555556,56.48111111
82,89.0875,48.34375,92,38.9,37.03703704,61.07365741
83,77.5875,18.40625,60,47.3,85.18518519,57.69578704
84,99.55,79.425,64,28.5,55.55555556,65.40611111
85,64.0625,59.2875,62,34.6,92.59259259,62.50851852
86,98.6375,37.775,64,64.9,18.51851852,56.7662037
87,51.85,23.85625,43,93.8,25.92592593,47.68643519
88,42.0125,11.76875,18,86.4,70.37037037,45.71032407
89,76.5375,95.45,77,39.9,37.03703704,65.18490741
90,85.75,7.64375,70,54.0,11.11111111,45.70097222
91,94.75,96.05,64,56.4,40.74074074,70.38814815
92,71.525,64.08125,12,72.2,85.18518519,60.99828704
93,64.95,41.775,97,48.9,33.33333333,57.19166667
94,68.175,55.6125,17,24.5,48.14814815,42.68712963
95,21.6625,54.35,12,42.3,44.44444444,34.95138889
96,68.9375,62.675,86,30.5,25.92592593,54.80768519
97,56.525,47.5,97,50.6,100.0,70.325
98,13.8125,86.65625,11,74.0,55.55555556,48.20486111
99,26.4125,11.1125,27,41.7,92.59259259,39.76351852
100,34.2125,12.80625,39,85.7,88.88888889,52.12152778
101,83.275,77.275,89,13.4,100.0,72.59
102,55.125,68.04375,67,27.9,62.96296296,56.20634259
103,52.025,67.6,71,99.2,51.85185185,68.33537037
104,87.775,30.725,86,89.5,51.85185185,69.17037037
105,15.1,42.83125,81,16.7,44.44444444,40.01513889
106,72.8875,52.8,59,42.2,22.22222222,49.82194444
107,48.2125,67.6875,71,19.1,11.11111111,43.42222222
108,58.05,96.75,31,19.1,62.96296296,53.57259259
109,78.9,17.01875,64,31.7,33.33333333,44.99041667
110,53.2125,41.91875,75,67.5,85.18518519,64.56328704
111,36.4375,60.60625,76,61.9,25.92592593,52.17393519
112,40.5,33.675,46,30.6,48.14814815,39.78462963
113,78.0,7.40625,64,35.5,85.18518519,54.01828704
114,64.475,44.5875,51,9.8,62.96296296,46.56509259
115,82.0125,23.75,53,59.9,62.96296296,56.32509259
116,15.5625,23.98125,98,99.1,25.92592593,52.51393519
117,35.4375,16.73125,39,59.0,33.33333333,36.70041667
118,26.3,6.3625,78,50.4,59.25925926,44.06435185
119,93.0625,29.44375,61,99.5,11.11111111,58.82347222
120,42.4,43.00625,27,63.8,48.14814815,44.87087963
121,63.05,92.2875,51,26.8,66.66666667,59.96083333
122,50.8125,33.7,89,62.4,29.62962963,53.10842593
123,48.8,86.09375,10,37.3,85.18518519,53.47578704
124,30.7,9.99375,90,30.1,81.48148148,48.4550463
125,36.3375,74.9125,20,18.6,55.55555556,41.08111111
126,15.1875,94.54375,66,4.3,33.33333333,42.67291667
127,36.725,96.475,49,57.0,77.77777778,63.39555556
128,66.425,14.94375,78,23.8,18.51851852,40.3374537
129,27.225,99.35625,17,97.6,29.62962963,54.16217593
130,95.4,50.8375,10,48.5,96.2962963,60.20675926
131,86.6375,41.90625,78,69.4,37.03703704,62.59615741
132,35.8375,56.89375,53,24.0,44.44444444,42.83513889
133,85.1875,14.84375,13,22.1,40.74074074,35.17439815
134,29.125,76.8625,43,22.8,88.88888889,52.13527778
135,46.8125,63.81875,80,8.1,55.55555556,50.85736111
136,78.275,37.8625,38,53.6,11.11111111,43.76972222
137,24.7,68.03125,95,78.3,96.2962963,72.46550926
138,37.45,71.55,95,34.8,59.25925926,59.61185185
139,41.3625,84.5375,75,9.2,18.51851852,45.7237037
140,14.875,51.9,81,69.2,62.96296296,55.98759259
141,57.575,76.375,79,90.8,62.96296296,73.34259259
142,86.6625,32.875,15,84.4,59.25925926,55.63935185
143,74.4875,42.2375,40,64.4,81.48148148,60.5212963
144,19.7375,42.29375,52,81.8,85.18518519,56.20328704
145,60.6875,70.825,16,17.9,81.48148148,49.3787963
146,76.4,77.76875,27,46.4,70.37037037,59.58782407
147,26.9625,40.80625,22,59.8,44.44444444,38.80263889
148,55.3125,43.96875,64,51.4,48.14814815,52.56587963
149,71.4875,15.225,92,68.4,74.07407407,64.23731481
150,30.475,74.2125,71,19.3,96.2962963,58.25675926
151,34.6,71.4125,99,21.9,92.59259259,63.90101852
152,62.8125,15.2625,44,28.3,100.0,50.075
153,20.6,32.5875,16,6.1,74.07407407,29.87231481
154,31.45,91.85625,70,93.5,88.88888889,75.13902778
155,19.675,34.4875,86,46.2,66.66666667,50.60583333
156,94.975,84.375,28,48.3,92.59259259,69.64851852
157,56.025,95.08125,92,89.4,96.2962963,85.76050926
158,76.95,99.6,79,8.2,96.2962963,72.00925926
159,37.875,80.21875,67,40.6,11.11111111,47.36097222
160,35.425,97.64375,77,36.0,37.03703704,56.62115741
161,74.225,48.6375,87,45.5,51.85185185,61.44287037
162,68.5375,18.9125,75,30.2,25.92592593,43.71518519
163,89.95,63.525,28,53.6,37.03703704,54.42240741
164,21.1375,38.9375,68,9.3,66.66666667,40.80833333
165,86.0375,93.66875,59,87.5,33.33333333,71.90791667
166,50.675,99.5875,43,59.8,74.07407407,65.42731481
167,14.4875,37.975,34,23.0,74.07407407,36.70731481
168,79.1625,36.075,90,76.6,100.0,76.3675
169,49.65,76.0875,83,13.4,11.11111111,46.64972222
170,47.475,93.98125,98,6.6,33.33333333,55.87791667
171,13.2375,61.50625,51,55.8,51.85185185,46.67912037
172,36.75,68.5125,17,11.6,33.33333333,33.43916667
173,51.225,25.75625,57,15.1,51.85185185,40.18662037
174,66.2625,55.325,35,87.9,37.03703704,56.30490741
175,26.6375,79.775,62,94.4,100.0,72.5625
176,29.3375,26.9125,88,55.3,25.92592593,45.09518519
177,22.8,48.61875,33,70.3,48.14814815,44.57337963
178,62.9625,93.075,88,89.7,77.77777778,82.30305556
179,28.2125,59.0375,15,36.4,25.92592593,32.91518519
180,94.3,96.05,71,60.8,66.66666667,77.76333333
181,94.7125,8.1,32,6.0,74.07407407,42.97731481
182,52.9875,56.88125,23,64.3,100.0,59.43375
183,62.375,35.30625,67,78.7,100.0,68.67625
184,81.9375,13.14375,35,57.4,37.03703704,44.90365741
185,22.8125,50.09375,12,65.7,11.11111111,32.34347222
186,58.425,90.5125,65,90.5,18.51851852,64.5912037
187,77.5875,91.79375,98,38.7,33.33333333,67.88291667
188,25.5,11.80625,12,61.6,62.96296296,34.77384259
189,60.575,8.35,40,21.5,37.03703704,33.49240741
190,21.25,82.64375,15,17.3,66.66666667,40.57208333
191,38.7125,21.59375,10,44.2,55.55555556,34.01236111
192,33.3125,99.7625,98,9.7,33.33333333,54.82166667
193,43.05,32.81875,53,90.5,85.18518519,60.91078704
194,52.025,91.40625,76,65.4,88.88888889,74.74402778
195,76.4,76.1875,77,27.8,96.2962963,70.73675926
196,77.625,66.09375,45,94.4,81.48148148,72.9200463
197,13.0,9.81875,57,69.6,40.74074074,38.03189815
198,72.475,41.2875,98,6.7,48.14814815,53.32212963
199,63.125,54.00625,69,8.8,22.22222222,43.43069444
200,81.675,77.98125,95,79.0,96.2962963,85.99050926
201,65.625,63.625,21,29.4,33.33333333,42.59666667
202,13.8125,39.5875,86,14.6,85.18518519,47.83703704
203,26.65,16.48125,88,29.5,96.2962963,51.38550926
204,99.4375,42.0,66,69.2,96.2962963,74.58675926
205,49.8625,74.01875,54,93.9,55.55555556,65.46736111
206,59.0,41.76875,43,72.3,51.85185185,53.58412037
207,88.9875,28.56875,87,94.6,40.74074074,67.97939815
208,31.6375,50.28125,80,46.3,66.66666667,54.97708333
209,61.7125,77.825,62,47.6,100.0,69.8275
210,90.5875,36.70625,100,28.9,11.11111111,53.46097222
211,75.1,79.0375,26,15.4,100.0,59.1075
212,60.1375,67.6625,38,58.1,70.37037037,58.85407407
213,97.05,8.61875,40,1.8,25.92592593,34.67893519
214,16.5875,69.925,21,22.4,29.62962963,31.90842593
215,78.2,79.89375,91,4.3,25.92592593,55.86393519
216,93.2,69.3375,79,59.2,100.0,80.1475
217,49.2625,36.61875,100,6.1,59.25925926,50.24810185
218,26.2875,34.26875,27,67.6,70.37037037,45.10532407
219,91.675,85.36875,93,92.9,14.81481481,75.55171296
220,43.9125,49.4625,33,88.8,29.62962963,48.96092593
221,44.95,89.24375,57,18.6,33.33333333,48.62541667
222,22.1375,48.64375,87,44.7,25.92592593,45.68143519
223,29.0625,47.6625,82,54.9,55.55555556,53.83611111
224,87.8125,12.09375,91,22.4,33.33333333,49.32791667
225,33.4875,63.95625,74,43.6,81.48148148,59.3050463
226,70.8375,24.21875,15,17.9,14.81481481,28.55421296
227,28.5125,93.3375,72,89.4,44.44444444,65.53888889
228,17.5,86.225,59,5.5,59.25925926,45.49685185
229,41.575,73.85625,39,38.1,74.07407407,53.32106481
230,51.9875,53.0375,14,65.9,88.88888889,54.76277778
231,33.025,86.73125,74,67.5,85.18518519,69.28828704
232,18.8,29.39375,99,72.8,96.2962963,63.25800926
233,41.825,11.875,56,16.6,92.59259259,43.77851852
234,16.4875,37.05,33,32.8,29.62962963,29.79342593
235,98.125,13.45,72,78.6,18.51851852,56.1387037
236,75.5375,67.725,76,6.6,92.59259259,63.69101852
237,49.075,45.6875,83,12.5,48.14814815,47.68212963
238,22.7,48.5125,15,58.1,88.88888889,46.64027778
239,83.525,98.525,70,63.9,77.77777778,78.74555556
240,32.4625,13.1,51,24.4,33.33333333,30.85916667
241,72.1625,53.65625,35,12.1,51.85185185,44.95412037
242,35.175,54.125,36,47.5,22.22222222,39.00444444
243,72.4125,68.83125,49,59.3,37.03703704,57.31615741
244,94.8625,28.58125,23,44.5,40.74074074,46.33689815
245,64.0625,13.99375,85,32.9,62.96296296,51.78384259
246,52.675,64.80625,48,51.8,81.48148148,59.7525463
247,29.475,15.425,31,33.5,14.81481481,24.84296296
248,34.95,50.0625,20,48.0,74.07407407,45.41731481
249,86.9375,66.26875,85,18.7,88.88888889,69.15902778
250,23.9125,25.65625,30,27.1,96.2962963,40.59300926
251,87.45,64.8,23,78.3,11.11111111,52.93222222
252,48.825,45.25625,85,73.6,62.96296296,63.12884259
253,35.975,29.8875,56,47.2,40.74074074,41.96064815
254,53.375,83.20625,40,62.3,51.85185185,58.14662037
255,83.05,27.5375,60,73.0,44.44444444,57.60638889
256,56.825,18.68125,94,61.4,66.66666667,59.51458333
257,40.6625,20.16875,30,29.0,59.25925926,35.81810185
258,76.35,32.51875,86,71.7,55.55555556,64.42486111
259,62.4625,6.75625,70,66.4,29.62962963,47.04967593
260,78.375,48.94375,78,11.2,25.92592593,48.48893519
261,29.6125,62.73125,50,57.5,81.48148148,56.2650463
262,35.3125,83.78125,41,28.8,11.11111111,40.00097222
263,82.95,54.925,85,76.8,18.51851852,63.6387037
264,56.975,97.5875,21,89.9,88.88888889,70.87027778
265,93.2875,68.7,27,47.4,81.48148148,63.5737963
266,71.125,29.2875,94,44.5,25.92592593,52.96768519
267,70.9125,61.19375,83,86.9,37.03703704,67.80865741
268,28.5625,97.075,39,83.6,22.22222222,54.09194444
269,81.0875,45.58125,99,38.4,74.07407407,67.62856481
270,34.675,7.11875,93,71.1,44.44444444,50.06763889
271,17.0,29.9875,86,14.7,70.37037037,43.61157407
272,95.4875,62.6,15,18.7,14.81481481,41.32046296
273,84.725,45.3625,32,14.6,85.18518519,52.37453704
274,45.725,25.51875,57,45.6,11.11111111,36.99097222
275,94.725,63.5,70,49.8,40.74074074,63.75314815
276,77.6625,14.69375,52,11.8,88.88888889,49.00902778
277,78.6,10.14375,74,79.8,22.22222222,52.95319444
278,57.6,28.49375,84,57.4,96.2962963,64.75800926
279,56.325,89.1875,75,72.3,96.2962963,77.82175926
280,33.3625,9.80625,28,86.7,44.44444444,40.46263889
281,99.4375,60.025,13,90.3,22.22222222,56.99694444
282,99.2,99.30625,35,34.1,37.03703704,60.92865741
283,36.9625,92.40625,28,23.1,44.44444444,44.98263889
284,61.6125,95.8,88,56.9,77.77777778,76.01805556
285,81.3,20.61875,67,49.9,25.92592593,48.94893519
286,39.3,71.39375,60,81.0,70.37037037,64.41282407
287,53.825,55.75625,28,20.8,81.48148148,47.9725463
288,68.9875,77.8125,98,38.1,25.92592593,61.76518519
289,37.1,73.54375,26,76.6,100.0,62.64875
290,75.0375,17.50625,23,62.6,25.92592593,40.81393519
291,64.225,91.525,31,31.2,62.96296296,56.18259259
292,70.7125,45.725,99,98.5,44.44444444,71.67638889
293,40.8625,22.74375,32,78.4,37.03703704,42.20865741
294,92.6875,25.6375,56,5.4,81.48148148,52.2412963
295,82.7,66.625,24,27.3,51.85185185,50.49537037
296,62.6125,11.85625,42,52.5,77.77777778,49.34930556
297,15.85,14.8375,53,35.6,92.59259259,42.37601852
298,21.35,8.175,71,94.0,96.2962963,58.16425926
299,40.0625,58.59375,37,83.0,11.11111111,45.95347222
300,68.1125,57.375,54,40.4,59.25925926,55.82935185
301,69.7625,63.3375,52,23.8,25.92592593,46.96518519
302,51.2125,51.06875,15,50.1,66.66666667,46.80958333
303,56.6875,29.875,11,65.5,40.74074074,40.76064815
304,89.1125,52.79375,70,7.6,62.96296296,56.49384259
305,58.4125,66.2625,84,85.6,48.14814815,68.48462963
306,55.45,14.41875,15,77.6,22.22222222,36.93819444
307,72.0625,57.3,30,20.2,18.51851852,39.6162037
308,48.9625,34.8125,18,25.3,18.51851852,29.1187037
309,64.1125,74.18125,51,24.3,96.2962963,61.97800926
310,48.2,34.20625,11,25.0,100.0,43.68125
311,53.5,95.21875,77,87.3,37.03703704,70.01115741
312,85.2125,49.2125,45,55.9,74.07407407,61.87981481
313,73.9375,52.95,39,24.2,22.22222222,42.46194444
314,56.6625,58.8125,89,36.6,55.55555556,59.32611111
315,84.175,65.6625,35,67.4,22.22222222,54.89194444
316,44.55,39.58125,41,41.3,66.66666667,46.61958333
317,60.2125,84.71875,87,52.7,62.96296296,69.51884259
318,35.975,70.98125,41,72.1,40.74074074,52.15939815
319,32.2,69.23125,60,71.5,25.92592593,51.77143519
320,79.625,35.4,52,2.6,22.22222222,38.36944444
321,61.35,56.75,74,42.4,77.77777778,62.45555556
322,57.6375,80.4,23,54.7,29.62962963,49.07342593
323,42.8875,22.075,29,73.4,70.37037037,47.54657407
324,43.725,47.36875,54,30.6,66.66666667,48.47208333
325,67.075,59.00625,19,32.8,81.48148148,51.8725463
326,93.9875,36.85,17,28.9,92.59259259,53.86601852
327,28.5125,70.34375,31,78.2,55.55555556,52.72236111
328,67.6375,92.6375,59,78.3,25.92592593,64.70018519
329,41.6875,78.3125,16,71.3,25.92592593,46.64518519
330,57.475,91.8375,57,54.6,88.88888889,69.96027778
331,16.3375,9.18125,79,27.9,22.22222222,30.92819444
332,20.5625,73.90625,56,97.7,77.77777778,65.18930556
333,17.575,90.68125,86,67.9,40.74074074,60.57939815
334,55.55,98.48125,27,87.8,25.92592593,58.95143519
335,61.9875,55.46875,28,55.8,62.96296296,52.84384259
336,60.725,96.59375,36,74.8,62.96296296,66.21634259
337,61.1875,63.75625,52,65.9,51.85185185,58.93912037
338,62.55,35.2375,37,74.6,14.81481481,44.84046296
339,72.15,16.8375,47,20.9,92.59259259,49.89601852
340,39.325,63.54375,93,15.0,22.22222222,46.61819444
341,87.9125,84.68125,74,72.1,14.81481481,66.70171296
342,61.9125,77.48125,42,70.0,33.33333333,56.94541667
343,87.9,93.5875,56,49.2,48.14814815,66.96712963
344,30.5,81.075,19,97.7,25.92592593,50.84018519
345,39.825,82.34375,39,28.0,55.55555556,48.94486111
346,16.0875,77.45625,42,19.0,70.37037037,44.98282407
347,72.2,56.5125,26,82.1,37.03703704,54.76990741
348,46.7875,67.06875,58,69.4,81.48148148,64.5475463
349,61.8,40.925,68,85.0,85.18518519,68.18203704
350,38.1625,66.74375,34,16.1,40.74074074,39.14939815
351,27.55,34.4875,94,77.8,100.0,66.7675
352,46.2875,45.225,39,33.6,40.74074074,40.97064815
353,32.5375,76.95625,67,45.2,85.18518519,61.37578704
354,61.3,69.31875,52,35.5,29.62962963,49.54967593
355,87.35,71.4875,24,72.9,70.37037037,65.22157407
356,58.5375,56.95625,54,70.7,88.88888889,65.81652778
357,34.9875,32.975,35,30.3,11.11111111,28.87472222
358,70.5125,8.45625,25,21.0,40.74074074,33.14189815
359,55.475,95.6375,41,17.8,81.48148148,58.2787963
360,91.9375,80.7125,68,70.0,18.51851852,65.8337037
361,69.7625,12.75,25,73.6,81.48148148,52.5187963
362,85.9375,17.46875,52,99.0,100.0,70.88125
363,35.875,77.9,49,58.8,11.11111111,46.53722222
364,67.5625,54.19375,47,57.9,25.92592593,50.51643519
365,14.1625,54.66875,59,85.9,59.25925926,54.59810185
366,52.85,34.4875,15,94.9,44.44444444,48.33638889
367,42.725,31.4875,32,46.2,74.07407407,45.29731481
368,76.8,40.8375,88,41.0,92.59259259,67.84601852
369,81.775,42.4,77,50.8,48.14814815,60.02462963
370,54.4375,67.4625,35,27.6,85.18518519,53.93703704
371,31.4625,77.3,86,63.0,37.03703704,58.95990741
372,49.7875,45.6125,16,38.7,18.51851852,33.7237037
373,25.6625,65.2875,59,12.0,100.0,52.39
374,13.225,46.31875,78,80.7,22.22222222,48.09319444
375,41.3625,8.83125,86,52.6,81.48148148,54.0550463
376,14.4375,79.65625,43,44.9,92.59259259,54.91726852
377,98.4375,69.275,31,12.4,48.14814815,51.85212963
378,39.675,44.49375,78,84.9,59.25925926,61.26560185
379,94.8375,39.30625,37,81.5,96.2962963,69.78800926
380,96.9125,96.29375,54,96.5,51.85185185,79.11162037
381,15.2125,63.44375,59,27.7,55.55555556,44.18236111
382,99.8625,95.075,57,42.1,29.62962963,64.73342593
383,49.5125,86.1875,39,56.6,85.18518519,63.29703704
384,64.2625,78.675,82,33.0,18.51851852,55.2912037
385,58.9875,63.18125,48,74.1,48.14814815,58.48337963
386,50.7,61.53125,13,94.4,100.0,63.92625
387,98.3125,77.875,84,39.1,55.55555556,70.96861111
388,86.25,59.675,43,85.9,14.81481481,57.92796296
389,29.4,95.95,90,37.3,74.07407407,65.34481481
390,81.8375,6.44375,32,82.0,40.74074074,48.60439815
391,27.4625,29.41875,28,54.6,22.22222222,32.34069444
392,65.6875,63.4875,95,40.7,18.51851852,56.6787037
393,26.175,63.7875,92,23.9,37.03703704,48.57990741
394,70.9625,90.2375,74,64.0,81.48148148,76.1362963
395,76.4625,42.6125,50,10.8,70.37037037,50.04907407
396,98.9,23.48125,71,18.1,74.07407407,57.11106481
397,24.2625,90.675,41,62.1,14.81481481,46.57046296
398,36.35,72.80625,66,72.1,51.85185185,59.82162037
399,22.5625,89.975,59,79.0,25.92592593,55.29268519
400,45.3,14.73125,24,23.3,55.55555556,32.57736111
401,78.0125,66.25,93,58.6,100.0,79.1725
402,80.8375,31.06875,98,46.2,25.92592593,56.40643519
403,90.125,48.5875,47,67.2,14.81481481,53.54546296
404,90.8,18.8875,29,74.5,85.18518519,59.67453704
405,24.525,24.6125,34,90.1,18.51851852,38.3512037
406,23.55,82.36875,53,26.6,51.85185185,47.47412037
407,94.425,64.8625,86,21.2,40.74074074,61.44564815
408,84.3125,56.38125,20,96.4,48.14814815,61.04837963
409,16.9125,33.88125,29,61.3,40.74074074,36.36689815
410,84.4875,68.44375,85,94.0,74.07407407,81.20106481
411,93.9,47.4625,47,47.4,70.37037037,61.22657407
412,51.0875,86.025,75,49.6,29.62962963,58.26842593
413,81.7,30.76875,20,69.0,48.14814815,49.92337963
414,39.1875,85.0625,41,94.4,77.77777778,67.48555556
415,14.05,19.3125,69,51.7,62.96296296,43.40509259
416,14.05,12.95,19,13.8,96.2962963,31.21925926
417,22.3375,53.51875,27,44.1,100.0,49.39125
418,74.35,89.875,73,77.8,37.03703704,70.41240741
419,34.775,26.86875,63,72.3,59.25925926,51.24060185
420,52.475,56.04375,73,48.9,92.59259259,64.60226852
421,97.2875,20.5125,94,75.2,88.88888889,75.17777778
422,82.6375,51.2875,66,53.7,22.22222222,55.16944444
423,91.5,42.9875,27,89.2,85.18518519,67.17453704
424,35.55,25.1125,55,60.7,22.22222222,39.71694444
425,88.6375,97.85625,85,67.3,62.96296296,80.35134259
426,17.375,13.31875,98,19.2,25.92592593,34.76393519
427,36.9,83.1375,25,79.6,37.03703704,52.33490741
428,52.6625,59.7625,65,24.7,18.51851852,44.1287037
429,97.4125,85.625,56,30.9,100.0,73.9875
430,74.975,82.1375,27,20.4,37.03703704,48.30990741
431,42.9625,91.53125,37,89.3,37.03703704,59.56615741
432,82.4125,74.00625,68,58.2,11.11111111,58.74597222
433,43.725,30.65,55,52.4,74.07407407,51.16981481
434,93.425,60.63125,92,66.2,40.74074074,70.59939815
435,68.55,80.75,36,32.1,55.55555556,54.59111111
436,34.925,44.99375,18,56.4,14.81481481,33.82671296
437,51.775,23.1375,61,57.2,81.48148148,54.9187963
438,61.5875,39.01875,92,15.9,77.77777778,57.25680556
439,23.425,31.09375,86,21.1,66.66666667,45.65708333
440,23.1125,17.4125,76,8.0,33.33333333,31.57166667
441,37.875,18.0125,87,89.4,33.33333333,53.12416667
442,46.7625,60.25625,65,44.8,51.85185185,53.73412037
443,17.7,79.425,99,75.3,37.03703704,61.69240741
444,40.7,55.58125,35,93.1,18.51851852,48.5799537
445,78.3375,30.53125,96,66.7,96.2962963,73.57300926
446,97.65,38.26875,74,39.6,59.25925926,61.75560185
447,68.5,94.23125,35,92.9,37.03703704,65.53365741
448,82.9875,60.43125,68,21.7,77.77777778,62.17930556
449,81.0125,60.86875,43,53.1,92.59259259,66.11476852
450,75.95,67.125,26,54.8,48.14814815,54.40462963
451,32.475,20.125,32,61.2,85.18518519,46.19703704
452,47.3875,99.6875,37,92.8,62.96296296,67.96759259
453,25.4625,35.45625,45,64.9,55.55555556,45.27486111
454,30.125,46.35,67,74.3,55.55555556,54.66611111
455,12.5625,22.4875,65,94.4,92.59259259,57.40851852
456,76.6,39.80625,61,80.6,40.74074074,59.74939815
457,22.0125,7.48125,31,43.8,14.81481481,23.82171296
458,96.125,79.7625,82,90.7,44.44444444,78.60638889
459,67.4875,13.3875,74,15.5,11.11111111,36.29722222
460,25.0125,94.48125,74,57.1,51.85185185,60.48912037
461,15.175,59.0875,53,32.8,92.59259259,50.53101852
462,82.925,8.15625,76,82.9,92.59259259,68.51476852
463,32.1,25.38125,10,9.0,100.0,35.29625
464,57.7125,50.21875,99,44.8,59.25925926,62.19810185
465,24.4625,51.6625,70,68.8,33.33333333,49.65166667
466,92.725,13.96875,43,75.4,29.62962963,50.94467593
467,53.2125,35.23125,70,3.7,22.22222222,36.87319444
468,45.0125,35.075,20,13.2,88.88888889,40.43527778
469,40.075,67.925,22,73.4,48.14814815,50.30962963
470,59.8625,25.78125,20,55.1,92.59259259,50.66726852
471,13.7625,85.48125,38,41.3,33.33333333,42.37541667
472,43.8375,19.9,56,36.5,11.11111111,33.46972222
473,82.1625,87.75625,58,7.5,48.14814815,56.71337963
474,64.2,98.2125,10,18.3,66.66666667,51.47583333
475,76.8375,7.30625,62,3.4,100.0,49.90875
476,25.9875,45.24375,32,60.8,77.77777778,48.36180556
477,82.4625,61.26875,92,80.0,48.14814815,72.77587963
478,24.3875,59.8875,95,43.3,29.62962963,50.44092593
479,35.2875,38.30625,57,43.4,62.96296296,47.39134259
480,18.3625,32.40625,23,20.4,44.44444444,27.72263889
481,66.775,62.29375,17,74.0,44.44444444,52.90263889
482,59.35,80.08125,83,69.4,51.85185185,68.73662037
483,16.9375,84.25,18,15.3,18.51851852,30.6012037
484,88.3375,29.6,67,66.0,100.0,70.1875
485,91.4,64.3375,18,9.6,18.51851852,40.3712037
486,40.1625,80.33125,98,32.6,77.77777778,65.77430556
487,90.15,53.875,100,99.6,33.33333333,75.39166667
488,75.3625,20.33125,35,49.0,62.96296296,48.53134259
489,53.5875,30.1,24,23.0,37.03703704,33.54490741
490,50.1,68.55625,94,54.3,59.25925926,65.24310185
491,29.05,45.025,92,20.6,70.37037037,51.40907407
492,24.85,72.86875,35,72.9,74.07407407,55.93856481
493,27.45,10.84375,43,13.7,85.18518519,36.03578704
494,30.95,59.94375,55,98.3,11.11111111,51.06097222
495,60.9375,28.66875,43,96.9,81.48148148,62.1975463
496,42.7,8.4875,39,76.5,66.66666667,46.67083333
497,17.6375,97.8625,34,62.3,33.33333333,49.02666667
498,70.4125,12.06875,62,24.4,74.07407407,48.59106481
499,30.7,58.33125,31,97.8,44.44444444,52.45513889
500,64.9,91.1875,50,59.1,74.07407407,67.85231481
501,23.8,29.7125,50,64.9,51.85185185,44.05287037
502,15.875,37.2875,44,44.4,29.62962963,34.23842593
503,60.725,38.24375,39,22.2,18.51851852,35.7374537
504,14.0875,38.1375,27,35.4,55.55555556,34.03611111
505,67.1875,69.8375,18,32.5,29.62962963,43.43092593
506,23.8,40.525,75,8.7,51.85185185,39.97537037
507,73.8,24.23125,15,11.4,25.92592593,30.07143519
508,24.2125,81.89375,44,8.3,40.74074074,39.82939815
509,96.2875,30.6,13,40.5,11.11111111,38.29972222
510,18.4375,81.8125,19,12.9,77.77777778,41.98555556
511,51.7375,76.95625,31,20.4,14.81481481,38.98171296
512,22.1625,12.30625,33,29.2,14.81481481,22.29671296
513,28.725,39.41875,13,40.1,100.0,44.24875
514,55.925,14.0125,38,22.3,96.2962963,45.30675926
515,28.7125,65.78125,37,60.7,25.92592593,43.62393519
516,61.2,48.79375,14,18.2,37.03703704,35.84615741
517,29.975,28.175,13,85.9,40.74074074,39.55814815
518,21.825,10.75,19,12.2,11.11111111,14.97722222
519,38.25,37.3375,45,18.8,33.33333333,34.54416667
520,80.7125,17.0125,33,50.8,18.51851852,40.0087037
521,25.2375,90.7375,59,5.9,25.92592593,41.36018519
522,25.675,7.79375,34,59.3,70.37037037,39.42782407
523,24.4375,16.2375,45,8.9,96.2962963,38.17425926
524,34.0625,18.425,26,20.7,81.48148148,36.1337963
525,76.9875,39.99375,12,34.3,55.55555556,43.76736111
526,50.45,19.725,92,37.2,11.11111111,42.09722222
527,97.8625,20.04375,63,7.1,33.33333333,44.26791667
528,24.2125,97.54375,14,20.9,59.25925926,43.18310185
529,67.5125,29.45,17,45.2,62.96296296,44.42509259
530,31.8625,29.9375,11,21.7,25.92592593,24.08518519
531,14.7625,39.7625,65,10.8,18.51851852,29.7687037
532,52.875,71.65,39,19.7,22.22222222,41.08944444
533,55.525,25.90625,20,9.9,74.07407407,37.08106481
534,44.375,27.89375,15,85.7,22.22222222,39.03819444
535,85.8,6.30625,28,81.5,25.92592593,45.50643519
536,69.1375,32.40625,72,3.5,18.51851852,39.1124537
537,75.3375,12.1625,44,25.7,29.62962963,37.36592593
538,66.875,26.4625,48,6.9,37.03703704,37.05490741
539,49.6,84.325,23,53.3,11.11111111,44.26722222
540,70.6875,16.5375,38,13.5,55.55555556,38.85611111
541,27.65,37.63125,39,33.1,66.66666667,40.80958333
542,51.35,75.91875,25,40.7,33.33333333,45.26041667
543,38.4375,31.03125,19,47.7,29.62962963,33.15967593
544,41.775,42.28125,80,26.8,25.92592593,43.35643519
545,13.5625,43.76875,65,37.2,37.03703704,39.31365741
546,37.7875,42.925,32,69.7,25.92592593,41.66768519
547,95.325,61.0625,27,4.3,25.92592593,42.72268519
548,14.425,48.06875,41,29.1,77.77777778,42.07430556
549,12.575,53.9375,70,9.0,29.62962963,35.02842593
550,59.425,12.80625,36,26.2,29.62962963,32.81217593
551,82.4375,19.73125,92,3.9,18.51851852,43.3174537
552,99.2375,11.825,65,8.3,11.11111111,39.09472222
553,31.85,62.54375,63,4.3,29.62962963,38.26467593
554,17.4125,20.71875,42,64.7,33.33333333,35.63291667
555,24.25,40.175,92,25.0,33.33333333,42.95166667
556,65.9625,15.3625,27,41.8,37.03703704,37.43240741
557,56.75,29.3125,58,6.4,59.25925926,41.94435185
558,93.6375,12.83125,67,21.6,14.81481481,41.97671296
559,17.125,13.63125,13,90.6,44.44444444,35.76013889
560,24.1875,41.00625,30,21.3,77.77777778,38.85430556
561,58.8375,28.68125,29,41.0,14.81481481,34.46671296
562,48.5125,11.0375,75,10.9,37.03703704,36.49740741
563,24.225,39.4375,73,6.2,37.03703704,35.97990741
564,49.5125,16.73125,64,49.4,25.92592593,41.11393519
565,60.1625,11.30625,19,37.6,44.44444444,34.50263889
566,31.0625,40.15,31,63.0,18.51851852,36.7462037
567,27.7375,39.08125,24,42.4,25.92592593,31.82893519
568,17.3375,72.0375,62,16.6,59.25925926,45.44685185
569,59.8375,45.525,21,21.5,37.03703704,36.97990741
570,29.0875,47.425,85,12.2,11.11111111,36.96472222
571,44.8375,31.5625,46,53.2,33.33333333,41.78666667
572,61.0,38.5875,44,39.4,33.33333333,43.26416667
573,26.375,40.41875,64,33.4,40.74074074,40.98689815
574,22.0125,7.48125,31,43.8,14.81481481,23.82171296
575,25.1375,36.225,72,4.1,37.03703704,34.89990741
576,19.6,27.18125,15,75.3,14.81481481,30.37921296
577,17.75,15.13125,85,23.7,85.18518519,45.35328704
578,50.225,79.61875,15,55.4,11.11111111,42.27097222
579,38.5125,16.475,34,37.5,29.62962963,31.22342593
580,49.5375,33.33125,17,22.6,40.74074074,32.64189815
581,25.1875,33.21875,23,63.9,59.25925926,40.91310185
582,20.45,26.4875,56,71.3,40.74074074,42.99564815
583,53.7625,57.13125,24,11.7,14.81481481,32.28171296
584,75.1875,30.4875,36,4.8,22.22222222,33.73944444
585,68.15,8.03125,26,2.6,18.51851852,24.6599537
586,56.1875,24.85,42,48.0,55.55555556,45.31861111
587,34.9,21.6,38,37.8,70.37037037,40.53407407
588,62.8125,50.6625,10,42.0,29.62962963,39.02092593
589,15.1,31.69375,21,95.2,33.33333333,39.26541667
590,61.8625,16.2125,21,50.1,33.33333333,36.50166667
591,89.2,8.325,39,1.6,25.92592593,32.81018519
592,20.55,43.35625,14,29.6,22.22222222,25.94569444
593,36.6875,54.4375,36,64.6,11.11111111,40.56722222
594,38.1,52.4625,31,36.9,66.66666667,45.02583333
595,14.7625,49.04375,78,15.6,62.96296296,44.07384259
596,60.9875,9.275,34,61.9,59.25925926,45.08435185
597,42.55,18.2375,37,70.8,29.62962963,39.64342593
598,68.45,46.06875,38,38.3,29.62962963,44.08967593
599,24.4625,31.625,11,93.5,33.33333333,38.78416667
600,80.3875,14.55,39,25.0,55.55555556,42.89861111
601,63.1125,22.675,45,31.6,48.14814815,42.10712963
602,92.0,17.4,62,1.8,22.22222222,39.08444444
603,32.7,23.725,41,45.1,55.55555556,39.61611111
604,29.9,63.6875,31,57.9,44.44444444,45.38638889
605,40.475,13.98125,60,12.1,92.59259259,43.82976852
606,28.3625,27.4125,18,68.0,48.14814815,37.98462963
607,62.8375,22.68125,11,11.3,40.74074074,29.71189815
608,22.2875,11.625,42,34.8,51.85185185,32.51287037
609,20.1375,16.39375,48,66.4,40.74074074,38.33439815
610,48.6,16.2375,18,4.1,11.11111111,19.60972222
611,73.2875,86.0875,46,3.7,14.81481481,44.77796296
612,43.475,25.8,94,27.2,22.22222222,42.53944444
613,65.275,49.4375,13,60.6,14.81481481,40.62546296
614,14.1875,66.53125,53,14.4,40.74074074,37.77189815
615,34.1125,32.2875,47,55.5,33.33333333,40.44666667
616,40.7,64.09375,59,10.0,51.85185185,45.12912037
617,66.2625,26.8125,27,64.9,29.62962963,42.92092593
618,27.9375,15.38125,17,66.6,88.88888889,43.16152778
619,47.2125,43.46875,98,20.5,18.51851852,45.5399537
620,17.675,6.61875,66,44.9,74.07407407,41.85356481
621,24.125,74.25,43,12.2,55.55555556,41.82611111
622,89.9375,34.275,61,5.9,18.51851852,41.9262037
623,92.625,9.93125,12,79.7,25.92592593,44.03643519
624,13.4625,90.80625,50,1.5,59.25925926,43.00560185
625,63.1,45.83125,16,61.0,37.03703704,44.59365741
626,21.9,9.1,53,31.2,48.14814815,32.66962963
627,69.9,19.93125,43,38.5,37.03703704,41.67365741
628,17.0625,26.975,77,40.9,55.55555556,43.49861111
629,45.2125,27.975,28,80.9,18.51851852,40.1212037
630,60.6875,7.6625,44,30.8,18.51851852,32.3337037
631,24.6625,69.90625,58,20.0,14.81481481,37.47671296
632,71.1625,15.31875,70,32.9,11.11111111,40.09847222
633,33.025,7.55,45,13.5,96.2962963,39.07425926
634,35.175,54.125,36,47.5,22.22222222,39.00444444
635,32.6375,12.08125,18,92.5,55.55555556,42.15486111
636,16.525,51.18125,63,42.5,37.03703704,42.04865741
637,50.2,18.08125,56,9.2,51.85185185,37.06662037
638,53.4875,22.23125,41,2.1,100.0,43.76375
639,53.1375,64.4625,43,24.1,25.92592593,42.12518519
640,41.075,15.8375,69,23.0,11.11111111,32.00472222
641,13.6375,47.6375,20,21.6,29.62962963,26.50092593
642,40.05,43.01875,56,17.3,33.33333333,37.94041667
643,29.725,24.29375,13,76.3,33.33333333,35.33041667
644,53.6375,29.9125,15,29.1,88.88888889,43.30777778
645,61.325,7.13125,23,21.8,44.44444444,31.54013889
646,48.2375,44.96875,54,28.1,18.51851852,38.7649537
647,61.0625,43.675,24,25.6,11.11111111,33.08972222
648,23.575,26.01875,58,6.6,40.74074074,30.98689815
649,46.15,16.50625,23,59.3,37.03703704,36.39865741
650,35.525,75.31875,83,8.3,25.92592593,45.61393519
651,51.2375,60.54375,12,5.3,59.25925926,37.66810185
652,48.65,22.6875,19,6.5,62.96296296,31.96009259
653,18.1375,9.90625,89,20.1,11.11111111,29.65097222
654,55.5875,35.3,45,7.2,62.96296296,41.21009259
655,66.3875,35.3,75,26.4,18.51851852,44.3212037
656,49.6375,16.24375,87,56.9,11.11111111,44.17847222
657,31.025,68.375,38,19.6,44.44444444,40.28888889
658,53.8875,44.40625,25,19.0,59.25925926,40.31060185
659,35.3875,40.3875,51,79.7,18.51851852,44.9987037
660,61.075,65.4625,19,36.3,22.22222222,40.81194444
661,82.0625,69.1,18,23.5,11.11111111,40.75472222
662,31.9125,26.5875,41,17.9,18.51851852,27.1837037
663,48.05,27.53125,42,27.9,66.66666667,42.42958333
664,20.2125,91.7,83,13.1,18.51851852,45.3062037
665,16.475,8.775,45,37.1,33.33333333,28.13666667
666,22.45,69.29375,93,7.3,14.81481481,41.37171296
667,31.475,43.0375,13,76.2,14.81481481,35.70546296
668,70.825,23.94375,28,30.2,51.85185185,40.96412037
669,34.975,39.6875,44,13.6,14.81481481,29.41546296
670,24.325,74.15,29,30.4,44.44444444,40.46388889
671,51.05,36.29375,44,32.6,55.55555556,43.89986111
672,27.2375,99.81875,24,9.8,11.11111111,34.39347222
673,14.9375,64.875,49,18.0,44.44444444,38.25138889
674,27.1125,44.44375,82,6.3,11.11111111,34.19347222
675,36.8,43.0,18,27.8,22.22222222,29.56444444
676,77.9,12.6,47,21.4,25.92592593,36.96518519
677,91.2875,13.74375,16,14.2,66.66666667,40.37958333
678,36.1625,41.1125,45,32.3,22.22222222,35.35944444
679,36.6125,31.1,53,49.7,25.92592593,39.26768519
680,37.825,18.9125,23,17.6,29.62962963,25.39342593
681,61.05,65.38125,30,20.0,18.51851852,38.9899537
682,26.125,31.99375,35,13.1,66.66666667,34.57708333
683,76.075,61.41875,43,19.5,18.51851852,43.7024537
684,47.025,21.9625,38,13.3,44.44444444,32.94638889
685,39.95,28.2125,22,12.9,14.81481481,23.57546296
686,15.85,14.8375,53,35.6,92.59259259,42.37601852
687,15.125,54.4375,24,78.8,51.85185185,44.84287037
688,93.05,7.925,39,52.4,29.62962963,44.40092593
689,14.075,11.61875,58,62.0,14.81481481,32.10171296
690,23.0125,52.96875,34,30.0,66.66666667,41.32958333
691,24.2375,30.21875,16,31.5,25.92592593,25.57643519
692,35.05,25.68125,27,40.6,70.37037037,39.74032407
693,62.825,25.625,14,28.4,44.44444444,35.05888889
694,37.8375,28.95,77,26.2,37.03703704,41.40490741
695,56.85,42.6375,39,24.6,62.96296296,45.21009259
696,55.35,37.13125,36,57.4,37.03703704,44.58365741
697,24.9375,48.41875,45,11.3,81.48148148,42.2275463
698,47.6125,38.9625,17,20.3,59.25925926,36.62685185
699,29.0,28.49375,18,90.7,25.92592593,38.42393519
700,17.0,23.38125,78,45.8,37.03703704,40.24365741
701,19.225,44.35,38,15.2,81.48148148,39.6512963
702,47.2625,61.7,29,26.1,40.74074074,40.96064815
703,62.0875,22.55,13,28.3,25.92592593,30.37268519
704,71.7,73.14375,22,21.6,25.92592593,42.87393519
705,15.2875,51.4,10,15.1,55.55555556,29.46861111
706,52.275,50.95,18,75.6,14.81481481,42.32796296
707,19.725,32.04375,57,68.7,48.14814815,45.12337963
708,34.1,44.93125,39,32.2,22.22222222,34.49069444
709,57.425,33.26875,22,62.3,14.81481481,37.96171296
710,36.675,44.4,21,44.1,11.11111111,31.45722222
711,28.3875,8.03125,35,54.7,40.74074074,33.37189815
712,14.8,10.725,39,4.0,40.74074074,21.85314815
713,43.35,16.93125,41,7.0,22.22222222,26.10069444
714,16.5,13.1,68,68.9,40.74074074,41.44814815
715,15.875,26.775,44,65.6,29.62962963,36.37592593
716,23.375,62.925,30,83.7,22.22222222,44.44444444
717,90.1375,24.58125,12,17.0,33.33333333,35.41041667
718,51.175,26.35,74,29.8,33.33333333,42.93166667
719,34.2875,60.81875,56,49.7,22.22222222,44.60569444
720,18.2875,13.8125,17,56.7,85.18518519,38.19703704
721,15.4,8.84375,92,34.9,55.55555556,41.33986111
722,96.1625,28.5375,12,23.9,40.74074074,40.26814815
723,30.4125,80.38125,25,16.4,59.25925926,42.29060185
724,21.25,82.64375,15,17.3,66.66666667,40.57208333
725,18.6375,27.39375,85,5.5,11.11111111,29.52847222
726,26.7625,36.01875,12,97.8,18.51851852,38.2199537
727,15.6875,65.2625,33,21.8,22.22222222,31.59444444
728,38.4125,85.2125,27,36.2,40.74074074,45.51314815
729,91.0875,14.875,48,4.0,48.14814815,41.22212963
730,16.725,16.19375,26,57.6,44.44444444,32.19263889
731,17.3,38.74375,69,10.3,29.62962963,32.99467593
732,51.325,18.49375,63,4.9,70.37037037,41.61782407
733,15.775,82.275,48,36.6,25.92592593,41.71518519
734,21.4625,22.05,43,6.7,77.77777778,34.19805556
735,74.55,18.45625,22,57.2,22.22222222,38.88569444
736,50.2125,52.45,39,48.2,37.03703704,45.37990741
737,15.1,42.83125,81,16.7,44.44444444,40.01513889
738,79.3875,13.16875,59,28.0,48.14814815,45.54087963
739,63.5,55.25625,11,76.4,14.81481481,44.19421296
740,15.1625,60.0,49,22.9,18.51851852,33.1162037
741,18.55,31.61875,68,17.0,62.96296296,39.62634259
742,48.25,14.76875,72,22.9,29.62962963,37.50967593
743,18.1625,30.85,52,10.1,55.55555556,33.33361111
744,14.8375,86.9,30,1.6,40.74074074,34.81564815
745,59.4125,88.45,58,2.1,18.51851852,45.2962037
746,22.3625,41.75625,31,82.1,18.51851852,39.1474537
747,24.8375,31.61875,37,21.6,33.33333333,29.67791667
748,75.6125,13.58125,41,44.2,37.03703704,42.28615741
749,34.6625,9.08125,78,51.1,33.33333333,41.23541667
750,45.925,32.06875,33,73.6,29.62962963,42.84467593
751,43.6875,32.49375,23,26.6,14.81481481,28.11921296
752,22.5625,54.08125,17,52.1,22.22222222,33.59319444
753,74.8875,66.7,18,13.4,11.11111111,36.81972222
754,36.375,8.6625,62,53.7,40.74074074,40.29564815
755,61.9625,14.1375,44,54.4,25.92592593,40.08518519
756,34.6875,36.825,29,93.4,14.81481481,41.74546296
757,15.9875,40.50625,21,8.2,96.2962963,36.39800926
758,94.975,21.16875,29,6.5,22.22222222,34.77319444
759,23.075,19.63125,46,22.0,40.74074074,30.28939815
760,57.9375,27.1875,13,71.2,33.33333333,40.53166667
761,68.6875,52.66875,61,16.2,29.62962963,45.63717593
762,47.5875,46.7375,88,6.3,11.11111111,39.94722222
763,99.575,37.64375,30,2.1,33.33333333,40.53041667
764,29.925,12.35625,85,55.9,37.03703704,44.04365741
765,42.725,31.4875,32,46.2,74.07407407,45.29731481
766,46.475,26.65,27,20.5,11.11111111,26.34722222
767,84.0375,49.78125,22,37.3,33.33333333,45.29041667
768,95.35,32.10625,12,10.4,66.66666667,43.30458333
769,42.7625,66.8625,58,47.7,11.11111111,45.28722222
770,24.2,21.9875,80,61.5,29.62962963,43.46342593
771,97.0,17.21875,77,7.2,29.62962963,45.60967593
772,80.4875,54.05625,50,3.0,14.81481481,40.47171296
773,64.75,19.13125,28,4.1,29.62962963,29.12217593
774,54.55,20.9625,52,49.0,44.44444444,44.19138889
775,19.5875,15.93125,26,51.1,88.88888889,40.30152778
776,56.0125,98.53125,20,20.6,29.62962963,44.95467593
777,59.6375,69.4375,11,3.5,37.03703704,36.12240741
778,87.05,8.075,66,12.9,25.92592593,39.99018519
779,45.7875,68.71875,27,2.0,18.51851852,32.4049537
780,52.875,52.68125,73,12.8,29.62962963,44.19717593
781,68.3,95.3,11,26.9,14.81481481,43.26296296
782,58.0625,39.65625,61,34.3,22.22222222,43.04819444
783,58.1625,31.04375,64,35.4,37.03703704,45.12865741
784,47.7375,18.6,84,11.4,66.66666667,45.68083333
785,33.7375,18.4625,58,86.3,29.62962963,45.22592593
786,55.8125,27.06875,36,27.5,81.48148148,45.5725463
787,58.3875,7.575,32,25.4,59.25925926,36.52435185
788,21.775,60.11875,48,8.8,25.92592593,32.92393519
789,70.475,11.01875,21,86.7,37.03703704,45.24615741
790,15.4625,13.175,20,41.2,22.22222222,22.41194444
791,60.375,33.25625,42,52.6,22.22222222,42.09069444
792,80.0875,28.175,49,15.8,29.62962963,40.53842593
793,41.75,72.36875,26,21.4,44.44444444,41.19263889
794,42.8625,27.45625,40,2.6,29.62962963,28.50967593
795,23.9125,19.54375,22,16.9,44.44444444,25.36013889
796,16.375,43.8625,38,37.7,85.18518519,44.22453704
797,61.85,13.49375,41,12.0,51.85185185,36.03912037
798,32.475,31.79375,60,41.7,25.92592593,38.37893519
799,40.325,81.4,30,52.5,11.11111111,43.06722222
800,27.3625,10.3875,11,36.0,77.77777778,32.50555556
801,58.175,28.8125,22,7.0,85.18518519,40.23453704
802,30.025,50.36875,55,3.2,11.11111111,29.94097222
803,75.4875,26.75625,95,4.1,22.22222222,44.71319444
804,56.85,22.50625,19,54.3,29.62962963,36.45717593
805,14.5,19.7375,59,61.9,33.33333333,37.69416667
806,20.6625,10.21875,76,35.8,25.92592593,33.72143519
807,36.55,39.10625,37,29.5,66.66666667,41.76458333
808,19.4625,17.13125,28,44.1,81.48148148,38.0350463
809,20.6375,30.2125,29,70.2,25.92592593,35.19518519
810,32.125,34.15,57,7.5,44.44444444,35.04388889
811,86.05,36.2,31,19.7,14.81481481,37.55296296
812,65.575,29.11875,10,4.3,44.44444444,30.68763889
813,41.3,42.08125,20,26.2,55.55555556,37.02736111
814,46.0,37.46875,15,98.4,18.51851852,43.0774537
815,22.2875,25.6875,72,63.8,18.51851852,40.4587037
816,14.8125,53.78125,39,34.5,11.11111111,30.64097222
817,45.525,61.75625,40,49.6,11.11111111,41.59847222
818,71.1625,61.75,36,44.5,11.11111111,44.90472222
819,22.2,25.31875,61,38.1,44.44444444,38.21263889
820,54.45,31.0,25,10.8,100.0,44.25
821,14.05,46.38125,52,29.1,66.66666667,41.63958333
822,41.825,41.0125,65,22.6,48.14814815,43.71712963
823,84.25,18.225,12,13.1,51.85185185,35.88537037
824,89.525,27.6875,54,1.7,14.81481481,37.54546296
825,34.3,22.31875,11,12.5,81.48148148,32.3200463
826,80.3375,39.2,53,30.2,11.11111111,42.76972222
827,33.9125,49.79375,51,54.6,33.33333333,44.52791667
828,13.4375,41.05625,80,31.3,14.81481481,36.12171296
829,16.6,52.4625,15,41.3,62.96296296,37.66509259
830,39.5875,42.74375,65,31.0,33.33333333,42.33291667
831,47.9375,75.1625,22,35.2,48.14814815,45.68962963
832,37.2875,56.39375,20,58.9,51.85185185,44.88662037
833,55.6125,14.54375,27,31.1,74.07407407,40.46606481
834,53.775,39.33125,22,69.5,11.11111111,39.14347222
835,30.9375,23.53125,10,2.2,66.66666667,26.66708333
836,25.5375,26.89375,55,50.8,44.44444444,40.53513889
837,41.0625,12.45,66,73.5,22.22222222,43.04694444
838,38.65,47.33125,24,15.9,29.62962963,31.10217593
839,25.9,32.975,50,35.1,29.62962963,34.72092593
840,18.6,48.6,11,1.8,48.14814815,25.62962963
841,28.55,59.85,70,13.1,48.14814815,43.92962963
842,40.4875,43.86875,13,46.5,59.25925926,40.62310185
843,16.475,36.2125,43,38.5,77.77777778,42.39305556
844,29.0,7.8625,33,5.1,40.74074074,23.14064815
845,99.6125,25.20625,16,14.1,62.96296296,43.57634259
846,73.775,18.2125,55,36.1,22.22222222,41.06194444
847,18.3125,6.88125,87,45.4,40.74074074,39.66689815
848,16.2375,75.675,19,49.4,40.74074074,40.21064815
849,42.4375,42.5625,71,2.2,33.33333333,38.30666667
850,13.1125,21.91875,73,21.2,81.48148148,42.1425463
851,55.225,22.95,19,52.0,77.77777778,45.39055556
852,19.6875,29.35625,72,69.4,18.51851852,41.7924537
853,21.925,91.66875,24,7.3,22.22222222,33.42319444
854,59.9625,79.9375,18,13.4,37.03703704,41.66740741
855,28.9125,84.4,72,6.0,18.51851852,41.9662037
856,36.7875,25.70625,42,28.7,29.62962963,32.56467593
857,22.3125,59.475,13,22.1,29.62962963,29.30342593
858,50.3,22.30625,19,98.5,14.81481481,40.98421296
859,33.075,25.66875,26,75.9,14.81481481,35.09171296
860,59.3375,37.71875,10,55.1,33.33333333,39.09791667
861,98.1,26.425,20,35.6,40.74074074,44.17314815
862,59.3875,87.675,50,2.0,18.51851852,43.5162037
863,53.2375,51.475,12,75.5,14.81481481,41.40546296
864,65.6625,25.55625,48,43.3,25.92592593,41.68893519
865,75.8625,12.38125,26,79.7,33.33333333,45.45541667
866,25.725,62.23125,10,73.2,55.55555556,45.34236111
867,61.95,9.25,60,16.0,51.85185185,39.81037037
868,16.4,11.98125,89,20.6,11.11111111,29.81847222
869,23.025,40.9875,40,31.9,14.81481481,30.14546296
870,97.05,8.61875,40,1.8,25.92592593,34.67893519
871,62.775,16.0,32,25.3,29.62962963,33.14092593
872,54.5375,27.40625,20,16.7,44.44444444,32.61763889
873,17.025,84.3,21,45.7,40.74074074,41.75314815
874,30.0125,36.525,13,37.3,14.81481481,26.33046296
875,27.1125,62.31875,23,23.9,77.77777778,42.82180556
876,71.2625,17.44375,10,65.1,62.96296296,45.35384259
877,58.2875,16.675,38,71.3,18.51851852,40.5562037
878,41.6375,88.93125,23,3.9,11.11111111,33.71597222
879,21.0875,25.425,97,35.7,25.92592593,41.02768519
880,53.625,84.06875,54,14.1,14.81481481,44.12171296
881,16.0375,15.675,51,69.8,22.22222222,34.94694444
882,65.55,22.01875,40,2.8,88.88888889,43.85152778
883,26.975,13.54375,61,70.6,55.55555556,45.53486111
884,25.1375,41.05,46,45.3,11.11111111,33.71972222
885,66.8,10.50625,53,4.2,40.74074074,35.04939815
886,27.3,27.66875,14,30.2,11.11111111,22.05597222
887,68.2875,12.6375,89,17.4,33.33333333,44.13166667
888,75.1125,10.00625,60,33.8,40.74074074,43.93189815
889,40.0375,58.95625,46,45.9,11.11111111,40.40097222
890,51.3,95.3875,26,12.1,14.81481481,39.92046296
891,36.275,11.4125,68,69.3,25.92592593,42.18268519
892,15.525,19.3,29,3.4,51.85185185,23.81537037
893,32.4,13.30625,64,75.2,11.11111111,39.20347222
894,92.2375,14.91875,43,11.8,18.51851852,36.0949537
895,46.375,58.2125,81,17.4,22.22222222,45.04194444
896,84.0875,7.38125,21,46.1,37.03703704,39.12115741
897,29.4625,26.48125,13,44.1,40.74074074,30.75689815
898,21.275,23.475,22,69.0,62.96296296,39.74259259
899,20.9875,42.9875,29,92.7,25.92592593,42.32018519
900,28.675,36.6875,58,31.9,22.22222222,35.49694444
901,48.4375,8.5875,11,76.9,77.77777778,44.54055556
902,13.725,25.55625,39,38.9,85.18518519,40.47328704
903,20.2625,81.83125,22,82.8,11.11111111,43.60097222
904,27.025,47.60625,69,44.5,18.51851852,41.3299537
905,20.0625,25.25,30,58.4,55.55555556,37.85361111
906,28.025,11.63125,96,42.0,40.74074074,43.67939815
907,26.25,66.075,17,38.8,59.25925926,41.47685185
908,64.8,47.625,58,2.9,40.74074074,42.81314815
909,40.0125,38.4375,32,34.4,62.96296296,41.56259259
910,34.8,54.56875,63,15.8,22.22222222,38.07819444
911,27.4,56.375,74,25.7,14.81481481,39.65796296
912,49.6,29.375,37,43.1,66.66666667,45.14833333
913,36.175,81.9625,35,16.6,33.33333333,40.61416667
914,20.2125,43.96875,78,70.1,14.81481481,45.41921296
915,48.2875,45.2125,55,3.6,18.51851852,34.1237037
916,21.7125,60.375,28,50.9,44.44444444,41.08638889
917,46.5625,9.56875,29,54.2,81.48148148,44.1625463
918,39.6125,12.6375,19,26.1,25.92592593,24.65518519
919,21.2375,47.40625,38,3.5,59.25925926,33.88060185
920,75.425,20.425,15,28.2,62.96296296,40.40259259
921,87.6625,11.24375,26,49.6,14.81481481,37.86421296
922,82.5625,22.14375,51,13.2,11.11111111,36.00347222
923,13.375,79.7125,22,29.7,59.25925926,40.80935185
924,98.3875,11.40625,33,4.1,11.11111111,31.60097222
925,21.3125,15.5625,76,13.9,100.0,45.355
926,32.0,37.2625,35,29.8,11.11111111,29.03472222
927,48.9375,34.51875,23,31.2,77.77777778,43.08680556
928,26.5625,19.775,42,18.8,14.81481481,24.39046296
929,36.7125,31.95,65,25.0,37.03703704,39.13990741
930,77.625,35.4375,14,2.7,44.44444444,34.84138889
931,65.3375,10.075,16,76.4,18.51851852,37.2662037
932,28.4375,24.8125,23,79.1,18.51851852,34.7737037
933,29.4,52.9,13,35.1,44.44444444,34.96888889
934,23.8875,31.225,23,84.0,14.81481481,35.38546296
935,69.075,6.85,56,67.6,18.51851852,43.6087037
936,18.35,52.25,67,10.7,25.92592593,34.84518519
937,13.225,71.35625,12,47.4,59.25925926,40.64810185
938,22.5625,86.43125,47,21.5,18.51851852,39.2024537
939,16.45,84.875,97,8.0,18.51851852,44.9687037
940,52.2375,27.8125,36,5.2,37.03703704,31.65740741
941,19.8875,35.8625,45,90.6,22.22222222,42.71444444
942,25.925,98.38125,10,53.0,40.74074074,45.60939815
943,73.2625,9.025,14,11.1,74.07407407,36.29231481
944,42.0125,43.89375,21,58.2,22.22222222,37.46569444
945,60.775,11.91875,32,46.4,66.66666667,43.55208333
946,22.425,34.53125,10,9.4,51.85185185,25.64162037
947,35.625,20.6125,20,76.9,66.66666667,43.96083333
948,18.3125,24.93125,22,48.4,66.66666667,36.06208333
949,47.075,14.9125,55,3.5,14.81481481,27.06046296
950,46.1375,16.7,34,34.9,51.85185185,36.71787037
951,25.1625,91.95625,56,6.9,29.62962963,41.92967593
952,32.425,46.375,41,82.9,14.81481481,43.50296296
953,31.9625,64.775,87,6.8,29.62962963,44.03342593
954,91.3,6.85,66,11.0,40.74074074,43.17814815
955,15.525,39.74375,80,18.4,29.62962963,36.65967593
956,29.6125,40.76875,35,86.9,11.11111111,40.67847222
957,18.525,48.05625,79,3.0,33.33333333,36.38291667
958,31.2375,22.75625,31,35.1,77.77777778,39.57430556
959,53.5875,30.1,24,23.0,37.03703704,33.54490741
960,72.525,83.38125,21,23.5,25.92592593,45.26643519
961,32.7125,28.01875,79,37.3,29.62962963,41.33217593
962,17.9625,52.4375,25,58.8,40.74074074,38.98814815
963,25.175,55.20625,21,86.3,14.81481481,40.49921296
964,47.975,11.88125,45,5.8,55.55555556,33.24236111
965,22.125,94.5375,30,1.6,59.25925926,41.50435185
966,24.45,37.9125,64,23.2,62.96296296,42.50509259
967,73.1375,63.00625,28,11.1,33.33333333,41.71541667
968,21.3875,25.25,77,43.5,37.03703704,40.83490741
969,15.675,12.39375,48,5.6,88.88888889,34.11152778
970,34.5625,25.08125,51,23.8,59.25925926,38.74060185
971,25.775,43.2,37,62.6,59.25925926,45.56685185
972,14.5375,28.45625,14,60.8,48.14814815,33.18837963
973,41.1875,25.7625,21,24.9,44.44444444,31.45888889
974,16.8875,47.25,73,32.6,40.74074074,42.09564815
975,56.5375,9.99375,20,65.6,11.11111111,32.64847222
976,70.8,33.4125,100,9.3,14.81481481,45.66546296
977,28.075,85.8125,33,5.3,44.44444444,39.32638889
978,31.4125,54.30625,38,36.9,66.66666667,45.45708333
979,92.6875,20.91875,22,14.7,22.22222222,34.50569444
980,52.5125,12.59375,47,64.3,44.44444444,44.17013889
981,50.175,68.05625,30,6.9,44.44444444,39.91513889
982,34.55,13.3625,51,8.8,25.92592593,26.72768519
983,16.3375,67.83125,40,54.2,22.22222222,40.11819444
984,71.3625,51.0375,17,35.2,14.81481481,37.88296296
985,28.0125,49.83125,30,8.3,96.2962963,42.48800926
986,55.9625,31.75625,63,24.9,18.51851852,38.8274537
987,19.1125,7.13125,99,4.3,66.66666667,39.24208333
988,72.3,8.39375,22,9.2,51.85185185,32.74912037
989,38.3375,97.59375,15,60.7,14.81481481,45.28921296
990,27.525,62.6125,26,47.5,14.81481481,35.69046296
991,78.9,17.01875,64,31.7,33.33333333,44.99041667
992,56.6875,29.875,11,65.5,40.74074074,40.76064815
993,50.4125,23.95625,25,3.8,18.51851852,24.3374537
994,92.725,68.44375,11,5.2,22.22222222,39.91819444
995,32.275,16.75625,44,39.1,92.59259259,44.94476852
996,17.3625,32.50625,55,69.1,18.51851852,38.4974537
997,21.7875,84.6,48,23.2,22.22222222,39.96194444
998,47.65,86.43125,14,20.1,44.44444444,42.52513889
999,68.2375,24.975,72,1.7,37.03703704,40.78990741
1000,17.9,24.65625,100,6.8,62.96296296,42.46384259
